Workbook

Sheet Data
A1: Figma | V1: Voice Control | AQ1: Plugin
A2: P# | B2: S1 | C2: S2 | D2: S3 | E2: S4 | F2: S5 | G2: S6 | H2: S7 | I2: S8 | J2: S9 | K2: S10 | L2: Mental | M2: Physical | N2: Temporal | O2: Perf | P2: Effort | Q2: Frust | R2: SUS | S2: RTLX | V2: P# | W2: S1 | X2: S2 | Y2: S3 | Z2: S4 | AA2: S5 | AB2: S6 | AC2: S7 | AD2: S8 | AE2: S9 | AF2: S10 | AG2: Mental | AH2: Physical | AI2: Temporal | AJ2: Perf | AK2: Effort | AL2: Frust | AM2: SUS | AN2: RTLX | AQ2: P# | AR2: S1 | AS2: S2 | AT2: S3 | AU2: S4 | AV2: S5 | AW2: S6 | AX2: S7 | AY2: S8 | AZ2: S9 | BA2: S10 | BB2: Mental | BC2: Physical | BD2: Temporal | BE2: Perf | BF2: Effort | BG2: Frust | BH2: SUS | BI2: RTLX
A3: 1 | B3: 5 | C3: 1 | D3: 5 | E3: 1 | F3: 5 | G3: 1 | H3: 5 | I3: 1 | J3: 5 | K3: 1 | L3: 0 | M3: 0 | N3: 0 | O3: 0 | P3: 0 | Q3: 0 | R3: =IF(COUNTA(B3:K3)=10,((B3-1)+(D3-1)+(F3-1)+(H3-1)+(J3-1)+(5-C3)+(5-E3)+(5-G3)+(5-I3)+(5-K3))*2.5,"") -> 100 | S3: =IF(COUNTA(L3:Q3)=6,AVERAGE(L3:Q3),"") -> 0 | V3: 1 | W3: 3 | X3: 5 | Y3: 1 | Z3: 5 | AA3: 3 | AB3: 5 | AC3: 1 | AD3: 5 | AE3: 1 | AF3: 5 | AG3: 95 | AH3: 5 | AI3: 75 | AJ3: 50 | AK3: 90 | AL3: 90 | AM3: =IF(COUNTA(W3:AF3)=10,((W3-1)+(Y3-1)+(AA3-1)+(AC3-1)+(AE3-1)+(5-X3)+(5-Z3)+(5-AB3)+(5-AD3)+(5-AF3))*2.5,"") -> 10 | AN3: =IF(COUNTA(AG3:AL3)=6,AVERAGE(AG3:AL3),"") -> 67.5 | AQ3: 1 | AR3: 2 | AS3: 2 | AT3: 3 | AU3: 3 | AV3: 3 | AW3: 4 | AX3: 3 | AY3: 3 | AZ3: 3 | BA3: 3 | BB3: 90 | BC3: 5 | BD3: 100 | BE3: 25 | BF3: 50 | BG3: 90 | BH3: =IF(COUNTA(AR3:BA3)=10,((AR3-1)+(AT3-1)+(AV3-1)+(AX3-1)+(AZ3-1)+(5-AS3)+(5-AU3)+(5-AW3)+(5-AY3)+(5-BA3))*2.5,"") -> 47.5 | BI3: =IF(COUNTA(BB3:BG3)=6,AVERAGE(BB3:BG3),"") -> 60
A4: 2 | B4: 5 | C4: 1 | D4: 5 | E4: 1 | F4: 5 | G4: 1 | H4: 5 | I4: 1 | J4: 5 | K4: 2 | L4: 0 | M4: 40 | N4: 10 | O4: 0 | P4: 0 | Q4: 0 | R4: =IF(COUNTA(B4:K4)=10,((B4-1)+(D4-1)+(F4-1)+(H4-1)+(J4-1)+(5-C4)+(5-E4)+(5-G4)+(5-I4)+(5-K4))*2.5,"") -> 97.5 | S4: =IF(COUNTA(L4:Q4)=6,AVERAGE(L4:Q4),"") -> 8.3333333 | V4: 2 | W4: 1 | X4: 4 | Y4: 3 | Z4: 2 | AA4: 3 | AB4: 2 | AC4: 4 | AD4: 3 | AE4: 3 | AF4: 4 | AG4: 40 | AH4: 50 | AI4: 80 | AJ4: 20 | AK4: 20 | AL4: 60 | AM4: =IF(COUNTA(W4:AF4)=10,((W4-1)+(Y4-1)+(AA4-1)+(AC4-1)+(AE4-1)+(5-X4)+(5-Z4)+(5-AB4)+(5-AD4)+(5-AF4))*2.5,"") -> 47.5 | AN4: =IF(COUNTA(AG4:AL4)=6,AVERAGE(AG4:AL4),"") -> 45 | AQ4: 2 | AR4: 3 | AS4: 3 | AT4: 4 | AU4: 3 | AV4: 4 | AW4: 4 | AX4: 4 | AY4: 2 | AZ4: 4 | BA4: 3 | BB4: 30 | BC4: 10 | BD4: 5 | BE4: 40 | BF4: 60 | BG4: 30 | BH4: =IF(COUNTA(AR4:BA4)=10,((AR4-1)+(AT4-1)+(AV4-1)+(AX4-1)+(AZ4-1)+(5-AS4)+(5-AU4)+(5-AW4)+(5-AY4)+(5-BA4))*2.5,"") -> 60 | BI4: =IF(COUNTA(BB4:BG4)=6,AVERAGE(BB4:BG4),"") -> 29.166667
A5: 3 | B5: 5 | C5: 1 | D5: 5 | E5: 1 | F5: 5 | G5: 1 | H5: 4 | I5: 1 | J5: 5 | K5: 1 | L5: 0 | M5: 15 | N5: 5 | O5: 5 | P5: 10 | Q5: 10 | R5: =IF(COUNTA(B5:K5)=10,((B5-1)+(D5-1)+(F5-1)+(H5-1)+(J5-1)+(5-C5)+(5-E5)+(5-G5)+(5-I5)+(5-K5))*2.5,"") -> 97.5 | S5: =IF(COUNTA(L5:Q5)=6,AVERAGE(L5:Q5),"") -> 7.5 | V5: 3 | W5: 1 | X5: 4 | Y5: 2 | Z5: 4 | AA5: 2 | AB5: 4 | AC5: 1 | AD5: 5 | AE5: 1 | AF5: 4 | AG5: 80 | AH5: 0 | AI5: 100 | AJ5: 90 | AK5: 100 | AL5: 100 | AM5: =IF(COUNTA(W5:AF5)=10,((W5-1)+(Y5-1)+(AA5-1)+(AC5-1)+(AE5-1)+(5-X5)+(5-Z5)+(5-AB5)+(5-AD5)+(5-AF5))*2.5,"") -> 15 | AN5: =IF(COUNTA(AG5:AL5)=6,AVERAGE(AG5:AL5),"") -> 78.333333 | AQ5: 3 | AR5: 3 | AS5: 4 | AT5: 3 | AU5: 3 | AV5: 4 | AW5: 2 | AX5: 1 | AY5: 4 | AZ5: 3 | BA5: 2 | BB5: 70 | BC5: 0 | BD5: 60 | BE5: 45 | BF5: 45 | BG5: 45 | BH5: =IF(COUNTA(AR5:BA5)=10,((AR5-1)+(AT5-1)+(AV5-1)+(AX5-1)+(AZ5-1)+(5-AS5)+(5-AU5)+(5-AW5)+(5-AY5)+(5-BA5))*2.5,"") -> 47.5 | BI5: =IF(COUNTA(BB5:BG5)=6,AVERAGE(BB5:BG5),"") -> 44.166667
A6: 4 | B6: 5 | C6: 1 | D6: 5 | E6: 1 | F6: 5 | G6: 1 | H6: 4 | I6: 4 | J6: 4 | K6: 4 | L6: 0 | M6: 20 | N6: 0 | O6: 10 | P6: 10 | Q6: 0 | R6: =IF(COUNTA(B6:K6)=10,((B6-1)+(D6-1)+(F6-1)+(H6-1)+(J6-1)+(5-C6)+(5-E6)+(5-G6)+(5-I6)+(5-K6))*2.5,"") -> 80 | S6: =IF(COUNTA(L6:Q6)=6,AVERAGE(L6:Q6),"") -> 6.6666667 | V6: 4 | W6: 2 | X6: 3 | Y6: 3 | Z6: 2 | AA6: 4 | AB6: 1 | AC6: 4 | AD6: 2 | AE6: 4 | AF6: 4 | AG6: 60 | AH6: 10 | AI6: 75 | AJ6: 55 | AK6: 60 | AL6: 50 | AM6: =IF(COUNTA(W6:AF6)=10,((W6-1)+(Y6-1)+(AA6-1)+(AC6-1)+(AE6-1)+(5-X6)+(5-Z6)+(5-AB6)+(5-AD6)+(5-AF6))*2.5,"") -> 62.5 | AN6: =IF(COUNTA(AG6:AL6)=6,AVERAGE(AG6:AL6),"") -> 51.666667 | AQ6: 4 | AR6: 3 | AS6: 1 | AT6: 4 | AU6: 1 | AV6: 4 | AW6: 1 | AX6: 5 | AY6: 1 | AZ6: 4 | BA6: 2 | BB6: 20 | BC6: 0 | BD6: 20 | BE6: 35 | BF6: 30 | BG6: 15 | BH6: =IF(COUNTA(AR6:BA6)=10,((AR6-1)+(AT6-1)+(AV6-1)+(AX6-1)+(AZ6-1)+(5-AS6)+(5-AU6)+(5-AW6)+(5-AY6)+(5-BA6))*2.5,"") -> 85 | BI6: =IF(COUNTA(BB6:BG6)=6,AVERAGE(BB6:BG6),"") -> 20
A7: 5 | B7: 5 | C7: 2 | D7: 5 | E7: 1 | F7: 5 | G7: 1 | H7: 5 | I7: 1 | J7: 5 | K7: 1 | L7: 0 | M7: 0 | N7: 0 | O7: 0 | P7: 0 | Q7: 0 | R7: =IF(COUNTA(B7:K7)=10,((B7-1)+(D7-1)+(F7-1)+(H7-1)+(J7-1)+(5-C7)+(5-E7)+(5-G7)+(5-I7)+(5-K7))*2.5,"") -> 97.5 | S7: =IF(COUNTA(L7:Q7)=6,AVERAGE(L7:Q7),"") -> 0 | V7: 5 | W7: 3 | X7: 3 | Y7: 3 | Z7: 2 | AA7: 3 | AB7: 2 | AC7: 3 | AD7: 3 | AE7: 3 | AF7: 2 | AG7: 65 | AH7: 0 | AI7: 75 | AJ7: 65 | AK7: 60 | AL7: 40 | AM7: =IF(COUNTA(W7:AF7)=10,((W7-1)+(Y7-1)+(AA7-1)+(AC7-1)+(AE7-1)+(5-X7)+(5-Z7)+(5-AB7)+(5-AD7)+(5-AF7))*2.5,"") -> 57.5 | AN7: =IF(COUNTA(AG7:AL7)=6,AVERAGE(AG7:AL7),"") -> 50.833333 | AQ7: 5 | AR7: 3 | AS7: 2 | AT7: 3 | AU7: 3 | AV7: 3 | AW7: 3 | AX7: 2 | AY7: 4 | AZ7: 2 | BA7: 3 | BB7: 60 | BC7: 0 | BD7: 40 | BE7: 75 | BF7: 60 | BG7: 50 | BH7: =IF(COUNTA(AR7:BA7)=10,((AR7-1)+(AT7-1)+(AV7-1)+(AX7-1)+(AZ7-1)+(5-AS7)+(5-AU7)+(5-AW7)+(5-AY7)+(5-BA7))*2.5,"") -> 45 | BI7: =IF(COUNTA(BB7:BG7)=6,AVERAGE(BB7:BG7),"") -> 47.5
A8: 6 | B8: 5 | C8: 2 | D8: 5 | E8: 2 | F8: 5 | G8: 2 | H8: 3 | I8: 2 | J8: 5 | K8: 4 | L8: 30 | M8: 30 | N8: 30 | O8: 20 | P8: 30 | Q8: 40 | R8: =IF(COUNTA(B8:K8)=10,((B8-1)+(D8-1)+(F8-1)+(H8-1)+(J8-1)+(5-C8)+(5-E8)+(5-G8)+(5-I8)+(5-K8))*2.5,"") -> 77.5 | S8: =IF(COUNTA(L8:Q8)=6,AVERAGE(L8:Q8),"") -> 30 | V8: 6 | W8: 2 | X8: 2 | Y8: 3 | Z8: 4 | AA8: 4 | AB8: 2 | AC8: 4 | AD8: 3 | AE8: 3 | AF8: 2 | AG8: 70 | AH8: 30 | AI8: 90 | AJ8: 50 | AK8: 70 | AL8: 50 | AM8: =IF(COUNTA(W8:AF8)=10,((W8-1)+(Y8-1)+(AA8-1)+(AC8-1)+(AE8-1)+(5-X8)+(5-Z8)+(5-AB8)+(5-AD8)+(5-AF8))*2.5,"") -> 57.5 | AN8: =IF(COUNTA(AG8:AL8)=6,AVERAGE(AG8:AL8),"") -> 60 | AQ8: 6 | AR8: 2 | AS8: 2 | AT8: 3 | AU8: 4 | AV8: 3 | AW8: 2 | AX8: 3 | AY8: 3 | AZ8: 3 | BA8: 4 | BB8: 80 | BC8: 30 | BD8: 90 | BE8: 50 | BF8: 70 | BG8: 60 | BH8: =IF(COUNTA(AR8:BA8)=10,((AR8-1)+(AT8-1)+(AV8-1)+(AX8-1)+(AZ8-1)+(5-AS8)+(5-AU8)+(5-AW8)+(5-AY8)+(5-BA8))*2.5,"") -> 47.5 | BI8: =IF(COUNTA(BB8:BG8)=6,AVERAGE(BB8:BG8),"") -> 63.333333
A9: 7 | B9: 4 | C9: 1 | D9: 4 | E9: 1 | F9: 4 | G9: 1 | H9: 2 | I9: 1 | J9: 4 | K9: 3 | L9: 30 | M9: 45 | N9: 15 | O9: 25 | P9: 15 | Q9: 25 | R9: =IF(COUNTA(B9:K9)=10,((B9-1)+(D9-1)+(F9-1)+(H9-1)+(J9-1)+(5-C9)+(5-E9)+(5-G9)+(5-I9)+(5-K9))*2.5,"") -> 77.5 | S9: =IF(COUNTA(L9:Q9)=6,AVERAGE(L9:Q9),"") -> 25.833333 | V9: 7 | W9: 1 | X9: 3 | Y9: 3 | Z9: 2 | AA9: 3 | AB9: 2 | AC9: 4 | AD9: 4 | AE9: 3 | AF9: 4 | AG9: 50 | AH9: 5 | AI9: 70 | AJ9: 30 | AK9: 65 | AL9: 60 | AM9: =IF(COUNTA(W9:AF9)=10,((W9-1)+(Y9-1)+(AA9-1)+(AC9-1)+(AE9-1)+(5-X9)+(5-Z9)+(5-AB9)+(5-AD9)+(5-AF9))*2.5,"") -> 47.5 | AN9: =IF(COUNTA(AG9:AL9)=6,AVERAGE(AG9:AL9),"") -> 46.666667 | AQ9: 7 | AR9: 3 | AS9: 2 | AT9: 4 | AU9: 2 | AV9: 4 | AW9: 2 | AX9: 4 | AY9: 2 | AZ9: 3 | BA9: 3 | BB9: 40 | BC9: 5 | BD9: 20 | BE9: 35 | BF9: 35 | BG9: 45 | BH9: =IF(COUNTA(AR9:BA9)=10,((AR9-1)+(AT9-1)+(AV9-1)+(AX9-1)+(AZ9-1)+(5-AS9)+(5-AU9)+(5-AW9)+(5-AY9)+(5-BA9))*2.5,"") -> 67.5 | BI9: =IF(COUNTA(BB9:BG9)=6,AVERAGE(BB9:BG9),"") -> 30
A10: 8 | B10: 4 | C10: 1 | D10: 4 | E10: 2 | F10: 3 | G10: 2 | H10: 3 | I10: 2 | J10: 4 | K10: 2 | L10: 20 | M10: 5 | N10: 15 | O10: 10 | P10: 10 | Q10: 10 | R10: =IF(COUNTA(B10:K10)=10,((B10-1)+(D10-1)+(F10-1)+(H10-1)+(J10-1)+(5-C10)+(5-E10)+(5-G10)+(5-I10)+(5-K10))*2.5,"") -> 72.5 | S10: =IF(COUNTA(L10:Q10)=6,AVERAGE(L10:Q10),"") -> 11.666667 | V10: 8 | W10: 2 | X10: 2 | Y10: 2 | Z10: 3 | AA10: 3 | AB10: 3 | AC10: 3 | AD10: 4 | AE10: 3 | AF10: 2 | AG10: 40 | AH10: 45 | AI10: 60 | AJ10: 30 | AK10: 70 | AL10: 85 | AM10: =IF(COUNTA(W10:AF10)=10,((W10-1)+(Y10-1)+(AA10-1)+(AC10-1)+(AE10-1)+(5-X10)+(5-Z10)+(5-AB10)+(5-AD10)+(5-AF10))*2.5,"") -> 47.5 | AN10: =IF(COUNTA(AG10:AL10)=6,AVERAGE(AG10:AL10),"") -> 55 | AQ10: 8 | AR10: 3 | AS10: 2 | AT10: 4 | AU10: 2 | AV10: 5 | AW10: 4 | AX10: 4 | AY10: 3 | AZ10: 3 | BA10: 2 | BB10: 30 | BC10: 50 | BD10: 35 | BE10: 25 | BF10: 50 | BG10: 55 | BH10: =IF(COUNTA(AR10:BA10)=10,((AR10-1)+(AT10-1)+(AV10-1)+(AX10-1)+(AZ10-1)+(5-AS10)+(5-AU10)+(5-AW10)+(5-AY10)+(5-BA10))*2.5,"") -> 65 | BI10: =IF(COUNTA(BB10:BG10)=6,AVERAGE(BB10:BG10),"") -> 40.833333
A11: 9 | B11: 5 | C11: 1 | D11: 5 | E11: 1 | F11: 5 | G11: 1 | H11: 5 | I11: 1 | J11: 5 | K11: 1 | L11: 80 | M11: 30 | N11: 50 | O11: 0 | P11: 10 | Q11: 0 | R11: =IF(COUNTA(B11:K11)=10,((B11-1)+(D11-1)+(F11-1)+(H11-1)+(J11-1)+(5-C11)+(5-E11)+(5-G11)+(5-I11)+(5-K11))*2.5,"") -> 100 | S11: =IF(COUNTA(L11:Q11)=6,AVERAGE(L11:Q11),"") -> 28.333333 | V11: 9 | W11: 1 | X11: 2 | Y11: 4 | Z11: 1 | AA11: 2 | AB11: 3 | AC11: 4 | AD11: 3 | AE11: 4 | AF11: 4 | AG11: 70 | AH11: 0 | AI11: 50 | AJ11: 30 | AK11: 40 | AL11: 65 | AM11: =IF(COUNTA(W11:AF11)=10,((W11-1)+(Y11-1)+(AA11-1)+(AC11-1)+(AE11-1)+(5-X11)+(5-Z11)+(5-AB11)+(5-AD11)+(5-AF11))*2.5,"") -> 55 | AN11: =IF(COUNTA(AG11:AL11)=6,AVERAGE(AG11:AL11),"") -> 42.5 | AQ11: 9 | AR11: 1 | AS11: 1 | AT11: 5 | AU11: 1 | AV11: 5 | AW11: 1 | AX11: 4 | AY11: 2 | AZ11: 4 | BA11: 3 | BB11: 50 | BC11: 0 | BD11: 30 | BE11: 10 | BF11: 30 | BG11: 50 | BH11: =IF(COUNTA(AR11:BA11)=10,((AR11-1)+(AT11-1)+(AV11-1)+(AX11-1)+(AZ11-1)+(5-AS11)+(5-AU11)+(5-AW11)+(5-AY11)+(5-BA11))*2.5,"") -> 77.5 | BI11: =IF(COUNTA(BB11:BG11)=6,AVERAGE(BB11:BG11),"") -> 28.333333
A12: 10 | B12: 5 | C12: 1 | D12: 5 | E12: 1 | F12: 5 | G12: 1 | H12: 4 | I12: 1 | J12: 5 | K12: 4 | L12: 0 | M12: 20 | N12: 0 | O12: 0 | P12: 0 | Q12: 5 | R12: =IF(COUNTA(B12:K12)=10,((B12-1)+(D12-1)+(F12-1)+(H12-1)+(J12-1)+(5-C12)+(5-E12)+(5-G12)+(5-I12)+(5-K12))*2.5,"") -> 90 | S12: =IF(COUNTA(L12:Q12)=6,AVERAGE(L12:Q12),"") -> 4.1666667 | V12: 10 | W12: 2 | X12: 5 | Y12: 1 | Z12: 2 | AA12: 1 | AB12: 2 | AC12: 3 | AD12: 5 | AE12: 3 | AF12: 5 | AG12: 60 | AH12: 0 | AI12: 65 | AJ12: 70 | AK12: 80 | AL12: 65 | AM12: =IF(COUNTA(W12:AF12)=10,((W12-1)+(Y12-1)+(AA12-1)+(AC12-1)+(AE12-1)+(5-X12)+(5-Z12)+(5-AB12)+(5-AD12)+(5-AF12))*2.5,"") -> 27.5 | AN12: =IF(COUNTA(AG12:AL12)=6,AVERAGE(AG12:AL12),"") -> 56.666667 | AQ12: 10 | AR12: 2 | AS12: 3 | AT12: 3 | AU12: 4 | AV12: 4 | AW12: 1 | AX12: 3 | AY12: 4 | AZ12: 2 | BA12: 4 | BB12: 75 | BC12: 0 | BD12: 55 | BE12: 45 | BF12: 60 | BG12: 65 | BH12: =IF(COUNTA(AR12:BA12)=10,((AR12-1)+(AT12-1)+(AV12-1)+(AX12-1)+(AZ12-1)+(5-AS12)+(5-AU12)+(5-AW12)+(5-AY12)+(5-BA12))*2.5,"") -> 45 | BI12: =IF(COUNTA(BB12:BG12)=6,AVERAGE(BB12:BG12),"") -> 50
A13: 11 | B13: 5 | C13: 1 | D13: 5 | E13: 1 | F13: 5 | G13: 1 | H13: 5 | I13: 1 | J13: 5 | K13: 1 | L13: 20 | M13: 10 | N13: 10 | O13: 0 | P13: 0 | Q13: 0 | R13: =IF(COUNTA(B13:K13)=10,((B13-1)+(D13-1)+(F13-1)+(H13-1)+(J13-1)+(5-C13)+(5-E13)+(5-G13)+(5-I13)+(5-K13))*2.5,"") -> 100 | S13: =IF(COUNTA(L13:Q13)=6,AVERAGE(L13:Q13),"") -> 6.6666667 | V13: 11 | W13: 3 | X13: 1 | Y13: 4 | Z13: 2 | AA13: 5 | AB13: 2 | AC13: 4 | AD13: 1 | AE13: 3 | AF13: 3 | AG13: 40 | AH13: 0 | AI13: 25 | AJ13: 20 | AK13: 70 | AL13: 50 | AM13: =IF(COUNTA(W13:AF13)=10,((W13-1)+(Y13-1)+(AA13-1)+(AC13-1)+(AE13-1)+(5-X13)+(5-Z13)+(5-AB13)+(5-AD13)+(5-AF13))*2.5,"") -> 75 | AN13: =IF(COUNTA(AG13:AL13)=6,AVERAGE(AG13:AL13),"") -> 34.166667 | AQ13: 11 | AR13: 3 | AS13: 1 | AT13: 4 | AU13: 3 | AV13: 5 | AW13: 1 | AX13: 4 | AY13: 1 | AZ13: 4 | BA13: 2 | BB13: 40 | BC13: 0 | BD13: 25 | BE13: 20 | BF13: 70 | BG13: 30 | BH13: =IF(COUNTA(AR13:BA13)=10,((AR13-1)+(AT13-1)+(AV13-1)+(AX13-1)+(AZ13-1)+(5-AS13)+(5-AU13)+(5-AW13)+(5-AY13)+(5-BA13))*2.5,"") -> 80 | BI13: =IF(COUNTA(BB13:BG13)=6,AVERAGE(BB13:BG13),"") -> 30.833333
A14: 12 | B14: 5 | C14: 2 | D14: 5 | E14: 1 | F14: 5 | G14: 2 | H14: 4 | I14: 2 | J14: 5 | K14: 1 | L14: 20 | M14: 5 | N14: 5 | O14: 35 | P14: 20 | Q14: 20 | R14: =IF(COUNTA(B14:K14)=10,((B14-1)+(D14-1)+(F14-1)+(H14-1)+(J14-1)+(5-C14)+(5-E14)+(5-G14)+(5-I14)+(5-K14))*2.5,"") -> 90 | S14: =IF(COUNTA(L14:Q14)=6,AVERAGE(L14:Q14),"") -> 17.5 | V14: 12 | W14: 2 | X14: 2 | Y14: 3 | Z14: 1 | AA14: 5 | AB14: 1 | AC14: 4 | AD14: 3 | AE14: 3 | AF14: 2 | AG14: 40 | AH14: 30 | AI14: 25 | AJ14: 45 | AK14: 45 | AL14: 45 | AM14: =IF(COUNTA(W14:AF14)=10,((W14-1)+(Y14-1)+(AA14-1)+(AC14-1)+(AE14-1)+(5-X14)+(5-Z14)+(5-AB14)+(5-AD14)+(5-AF14))*2.5,"") -> 70 | AN14: =IF(COUNTA(AG14:AL14)=6,AVERAGE(AG14:AL14),"") -> 38.333333 | AQ14: 12 | AR14: 2 | AS14: 1 | AT14: 3 | AU14: 2 | AV14: 4 | AW14: 2 | AX14: 4 | AY14: 3 | AZ14: 4 | BA14: 2 | BB14: 55 | BC14: 50 | BD14: 15 | BE14: 35 | BF14: 30 | BG14: 45 | BH14: =IF(COUNTA(AR14:BA14)=10,((AR14-1)+(AT14-1)+(AV14-1)+(AX14-1)+(AZ14-1)+(5-AS14)+(5-AU14)+(5-AW14)+(5-AY14)+(5-BA14))*2.5,"") -> 67.5 | BI14: =IF(COUNTA(BB14:BG14)=6,AVERAGE(BB14:BG14),"") -> 38.333333
... A17: 15 | B17: 5 | C17: 1 | D17: 5 | E17: 2 | F17: 5 | G17: 2 | H17: 3 | I17: 2 | J17: 5 | K17: 4 | L17: 0 | M17: 20 | N17: 0 | O17: 0 | P17: 20 | Q17: 0 | R17: =IF(COUNTA(B17:K17)=10,((B17-1)+(D17-1)+(F17-1)+(H17-1)+(J17-1)+(5-C17)+(5-E17)+(5-G17)+(5-I17)+(5-K17))*2.5,"") -> 80 | S17: =IF(COUNTA(L17:Q17)=6,AVERAGE(L17:Q17),"") -> 6.6666667 | V17: 15 | W17: 2 | X17: 3 | Y17: 4 | Z17: 3 | AA17: 2 | AB17: 2 | AC17: 4 | AD17: 4 | AE17: 4 | AF17: 4 | AG17: 60 | AH17: 0 | AI17: 60 | AJ17: 50 | AK17: 75 | AL17: 65 | AM17: =IF(COUNTA(W17:AF17)=10,((W17-1)+(Y17-1)+(AA17-1)+(AC17-1)+(AE17-1)+(5-X17)+(5-Z17)+(5-AB17)+(5-AD17)+(5-AF17))*2.5,"") -> 50 | AN17: =IF(COUNTA(AG17:AL17)=6,AVERAGE(AG17:AL17),"") -> 51.666667 | AQ17: 15 | AR17: 3 | AS17: 1 | AT17: 4 | AU17: 3 | AV17: 5 | AW17: 1 | AX17: 2 | AY17: 3 | AZ17: 4 | BA17: 2 | BB17: 20 | BC17: 0 | BD17: 50 | BE17: 20 | BF17: 50 | BG17: 65 | BH17: =IF(COUNTA(AR17:BA17)=10,((AR17-1)+(AT17-1)+(AV17-1)+(AX17-1)+(AZ17-1)+(5-AS17)+(5-AU17)+(5-AW17)+(5-AY17)+(5-BA17))*2.5,"") -> 70 | BI17: =IF(COUNTA(BB17:BG17)=6,AVERAGE(BB17:BG17),"") -> 34.166667
A19: Mean | R19: =IFERROR(AVERAGE(R3:R17),"") -> 88.5 | S19: =IFERROR(AVERAGE(S3:S17),"") -> 11.722222 | V19: Mean | AM19: =IFERROR(AVERAGE(AM3:AM17),"") -> 47.833333 | AN19: =IFERROR(AVERAGE(AN3:AN17),"") -> 52.277778 | AQ19: Mean | BH19: =IFERROR(AVERAGE(BH3:BH17),"") -> 61.666667 | BI19: =IFERROR(AVERAGE(BI3:BI17),"") -> 41.388889
A20: SD | R20: =IFERROR(STDEV(R3:R17),"") -> 9.8561076 | S20: =IFERROR(STDEV(S3:S17),"") -> 9.5663238 | V20: SD | AM20: =IFERROR(STDEV(AM3:AM17),"") -> 19.6593 | AN20: =IFERROR(STDEV(AN3:AN17),"") -> 11.084392 | AQ20: SD | BH20: =IFERROR(STDEV(BH3:BH17),"") -> 13.747294 | BI20: =IFERROR(STDEV(BI3:BI17),"") -> 12.742359

Sheet Summary
A1: Condition | B1: N | C1: Mean SUS | D1: SD SUS | E1: Mean RTLX | F1: SD RTLX | G1: Norm SUS | H1: Norm RTLX
A2: Figma | B2: =COUNTA(Data!R3:R17) -> 15 | C2: =Data!R19 -> 88.5 | D2: =Data!R20 -> 9.8561076 | E2: =Data!S19 -> 11.722222 | F2: =Data!S20 -> 9.5663238 | G2: =C2/100 -> 0.885 | H2: =(100-E2)/100 -> 0.88277778
A3: Plugin | B3: =COUNTA(Data!BH3:BH17) -> 15 | C3: =Data!BH19 -> 61.666667 | D3: =Data!BH20 -> 13.747294 | E3: =Data!BI19 -> 41.388889 | F3: =Data!BI20 -> 12.742359 | G3: =C3/100 -> 0.61666667 | H3: =(100-E3)/100 -> 0.58611111
A4: Voice Control | B4: =COUNTA(Data!AM3:AM17) -> 15 | C4: =Data!AM19 -> 47.833333 | D4: =Data!AM20 -> 19.6593 | E4: =Data!AN19 -> 52.277778 | F4: =Data!AN20 -> 11.084392 | G4: =C4/100 -> 0.47833333 | H4: =(100-E4)/100 -> 0.47722222
